{"cameraMode":{"drawMode":0,"name":"Shaded","section":"Shading Mode"},"sceneLighting":true,"audioPlay":false,"sceneViewState":{"m_AlwaysRefresh":false,"showFog":true,"showSkybox":true,"showFlares":true,"showImageEffects":true,"showParticleSystems":true,"showVisualEffectGraphs":true,"m_FxEnabled":true},"in2DMode":false,"pivot":{"x":-11.572399139404297,"y":4.866939067840576,"z":-2.0386717319488527},"rotation":{"x":0.07193224877119065,"y":0.012568962760269642,"z":-0.0009065655758604407,"w":0.9973316192626953},"size":0.8660253882408142,"orthographic":false}