{"cameraMode":{"drawMode":0,"name":"Shaded","section":"Shading Mode"},"sceneLighting":false,"audioPlay":false,"sceneViewState":{"m_AlwaysRefresh":false,"showFog":true,"showSkybox":false,"showFlares":true,"showImageEffects":true,"showParticleSystems":true,"showVisualEffectGraphs":true,"m_FxEnabled":true},"in2DMode":false,"pivot":{"x":0.08238185197114945,"y":-0.012374669313430786,"z":-0.061896342784166339},"rotation":{"x":0.3106800317764282,"y":0.46664246916770937,"z":-0.17933028936386109,"w":0.808432400226593},"size":0.07676562666893006,"orthographic":false}